{
  "cluster_centers": [
    [
      1.0495232030722328,
      0.0
    ],
    [
      -0.9489429745148912,
      0.0
    ],
    [
      2.562865129621438,
      0.0
    ],
    [
      -0.06714391540061221,
      0.0
    ]
  ],
  "features": [
    "quantity",
    "total_quantity",
    "purchase_count"
  ],
  "metrics": {
    "silhouette": 0.5674371278846597,
    "davies_bouldin": 0.5254370168183051
  },
  "cluster_stats": {
    "quantity_mean": {
      "2": 449.4878048780488,
      "0": 279.61032863849766,
      "3": 154.2608695652174,
      "1": 55.27610208816705
    },
    "quantity_median": {
      "2": 421.0,
      "0": 275.0,
      "3": 151.0,
      "1": 56.0
    },
    "quantity_std": {
      "2": 71.5348907190308,
      "0": 40.24035436264333,
      "3": 30.648706429167692,
      "1": 30.10702397577559
    },
    "quantity_count": {
      "2": 82,
      "0": 213,
      "3": 368,
      "1": 431
    },
    "total_quantity_mean": {
      "2": 449.4878048780488,
      "0": 279.61032863849766,
      "3": 154.2608695652174,
      "1": 55.27610208816705
    },
    "total_quantity_median": {
      "2": 421.0,
      "0": 275.0,
      "3": 151.0,
      "1": 56.0
    },
    "total_quantity_std": {
      "2": 71.5348907190308,
      "0": 40.24035436264333,
      "3": 30.648706429167692,
      "1": 30.10702397577559
    },
    "total_quantity_count": {
      "2": 82,
      "0": 213,
      "3": 368,
      "1": 431
    },
    "purchase_count_mean": {
      "2": 1.0,
      "0": 1.0,
      "3": 1.0,
      "1": 1.0
    },
    "purchase_count_median": {
      "2": 1.0,
      "0": 1.0,
      "3": 1.0,
      "1": 1.0
    },
    "purchase_count_std": {
      "2": 0.0,
      "0": 0.0,
      "3": 0.0,
      "1": 0.0
    },
    "purchase_count_count": {
      "2": 82,
      "0": 213,
      "3": 368,
      "1": 431
    },
    "quantity_q10": {
      "2": 384.3,
      "0": 229.0,
      "3": 114.0,
      "1": 12.0
    },
    "quantity_q25": {
      "2": 403.0,
      "0": 244.0,
      "3": 130.0,
      "1": 27.0
    },
    "quantity_q75": {
      "2": 478.5,
      "0": 311.0,
      "3": 178.0,
      "1": 82.0
    },
    "quantity_q90": {
      "2": 542.6,
      "0": 341.8,
      "3": 200.3,
      "1": 96.0
    },
    "customer_count": {
      "2": 82,
      "0": 213,
      "3": 368,
      "1": 431
    }
  }
}