{
  "cluster_centers": [
    [
      -0.9489429745148916,
      0.0
    ],
    [
      -0.06562926155169321,
      0.0
    ],
    [
      1.0521541457525243,
      0.0
    ],
    [
      2.562865129621438,
      0.0
    ]
  ],
  "features": [
    "quantity",
    "total_quantity",
    "purchase_count"
  ],
  "metrics": {
    "silhouette": 0.5675449098526436,
    "davies_bouldin": 0.5256591895165977
  },
  "cluster_stats": {
    "quantity_mean": {
      "3": 449.4878048780488,
      "2": 279.9056603773585,
      "1": 154.4308943089431,
      "0": 55.27610208816705
    },
    "quantity_median": {
      "3": 421.0,
      "2": 275.5,
      "1": 151.0,
      "0": 56.0
    },
    "quantity_std": {
      "3": 71.5348907190308,
      "2": 40.10354567106526,
      "1": 30.780803226944286,
      "0": 30.107023975775586
    },
    "quantity_count": {
      "3": 82,
      "2": 212,
      "1": 369,
      "0": 431
    },
    "total_quantity_mean": {
      "3": 449.4878048780488,
      "2": 279.9056603773585,
      "1": 154.4308943089431,
      "0": 55.27610208816705
    },
    "total_quantity_median": {
      "3": 421.0,
      "2": 275.5,
      "1": 151.0,
      "0": 56.0
    },
    "total_quantity_std": {
      "3": 71.5348907190308,
      "2": 40.10354567106526,
      "1": 30.780803226944286,
      "0": 30.107023975775586
    },
    "total_quantity_count": {
      "3": 82,
      "2": 212,
      "1": 369,
      "0": 431
    },
    "purchase_count_mean": {
      "3": 1.0,
      "2": 1.0,
      "1": 1.0,
      "0": 1.0
    },
    "purchase_count_median": {
      "3": 1.0,
      "2": 1.0,
      "1": 1.0,
      "0": 1.0
    },
    "purchase_count_std": {
      "3": 0.0,
      "2": 0.0,
      "1": 0.0,
      "0": 0.0
    },
    "purchase_count_count": {
      "3": 82,
      "2": 212,
      "1": 369,
      "0": 431
    },
    "quantity_q10": {
      "3": 384.3,
      "2": 229.0,
      "1": 114.0,
      "0": 12.0
    },
    "quantity_q25": {
      "3": 403.0,
      "2": 244.0,
      "1": 130.0,
      "0": 27.0
    },
    "quantity_q75": {
      "3": 478.5,
      "2": 311.25,
      "1": 178.0,
      "0": 82.0
    },
    "quantity_q90": {
      "3": 542.6,
      "2": 341.9,
      "1": 201.0,
      "0": 96.0
    },
    "customer_count": {
      "3": 82,
      "2": 212,
      "1": 369,
      "0": 431
    }
  }
}